transaction_id,transaction_date,account_number,amount
1,15/01/2024,101,100
1,15/01/2024,102,-100
2,20/02/2024,201,500
2,20/02/2024,202,-500
3,10/03/2024,301,75.5
3,10/03/2024,302,-75.5
4,05/04/2024,101,200
4,05/04/2024,102,-200
5,25/05/2024,401,150
5,25/05/2024,402,-100
6,30/06/2024,501,80
6,30/06/2024,502,-80
7,01/12/2023,101,300
7,01/12/2023,102,-300
8,10/07/2024,999,50
8,10/07/2024,998,-50
9,18/08/2024,201,125
9,18/08/2024,202,-125
10,02/09/2024,301,90
10,02/09/2024,302,-90
11,20/01/2024,101,50
11,20/01/2024,202,-50
12,01/02/2024,102,120
12,01/02/2024,201,-120
13,05/03/2024,301,65
13,05/03/2024,402,-65
14,10/04/2024,401,180
14,10/04/2024,502,-180
15,15/05/2024,101,250
15,15/05/2024,102,-250
16,25/06/2024,201,400
16,25/06/2024,202,-400
17,30/07/2024,301,105
17,30/07/2024,302,-105
18,01/08/2024,401,70
18,01/08/2024,402,-70
19,10/09/2024,501,130
19,10/09/2024,502,-130
20,15/10/2024,101,225
20,15/10/2024,102,-225
21,20/11/2024,201,350
21,20/11/2024,202,-350
22,05/12/2024,301,95
22,05/12/2024,302,-95
23,10/01/2024,401,110
23,10/01/2024,402,-110
24,15/02/2024,501,60
24,15/02/2024,502,-60
25,20/03/2024,101,180
25,20/03/2024,102,-180
26,25/04/2024,201,280
26,25/04/2024,202,-280
27,10/05/2024,301,88
27,10/05/2024,302,-88
28,05/06/2024,401,160
28,05/06/2024,402,-160
29,25/07/2024,501,95
29,25/07/2024,502,-95
30,05/08/2024,101,145
30,05/08/2024,102,-145
31,20/09/2024,201,320
31,20/09/2024,202,-320
32,10/10/2024,301,77
32,10/10/2024,302,-77
33,15/11/2024,401,135
33,15/11/2024,402,-135
34,20/12/2024,501,85
34,20/12/2024,502,-85
35,25/01/2024,101,215
35,25/01/2024,102,-215
36,28/02/2024,201,310
36,28/02/2024,202,-310
37,15/03/2024,301,92
37,15/03/2024,302,-92
38,20/04/2024,401,175
38,20/04/2024,402,-175
39,28/05/2024,501,102
39,28/05/2024,502,-102
40,10/06/2024,101,190
40,10/06/2024,102,-190
41,15/07/2024,201,270
41,15/07/2024,202,-270
42,20/08/2024,301,85
42,20/08/2024,302,-85
43,25/09/2024,401,155
43,25/09/2024,402,-155
44,30/10/2024,501,98
44,30/10/2024,502,-98
45,05/11/2024,101,170
45,05/11/2024,102,-170
46,10/12/2024,201,305
46,10/12/2024,202,-305
47,18/01/2024,301,82
47,18/01/2024,302,-82
48,22/02/2024,401,140
48,22/02/2024,402,-140
49,25/03/2024,501,75
49,25/03/2024,502,-75
50,15/04/2024,101,240
50,15/04/2024,102,-240
51,30/05/2024,201,360
51,30/05/2024,202,-360
52,15/06/2024,301,115
52,15/06/2024,302,-115
53,20/07/2024,401,195
53,20/07/2024,402,-195
54,25/08/2024,501,120
54,25/08/2024,502,-120
55,12/09/2024,101,260
55,12/09/2024,102,-260
56,18/10/2024,201,420
56,18/10/2024,202,-420
57,25/11/2024,301,108
57,25/11/2024,302,-108
58,01/12/2024,401,155
58,01/12/2024,402,-155
59,30/01/2024,501,88
59,30/01/2024,502,-88
60,12/02/2024,101,230
60,12/02/2024,102,-230
61,22/03/2024,201,345
61,22/03/2024,202,-345
62,18/04/2024,301,95
62,18/04/2024,302,-95
63,15/05/2024,401,185
63,15/05/2024,402,-185
64,20/06/2024,501,110
64,20/06/2024,502,-110
65,10/07/2024,101,205
65,10/07/2024,102,-205
66,15/08/2024,201,295
66,15/08/2024,202,-295
67,22/09/2024,301,85
67,22/09/2024,302,-85
68,10/10/2024,401,165
68,10/10/2024,402,-165
69,18/11/2024,501,100
69,18/11/2024,502,-100
70,25/12/2024,101,255
70,25/12/2024,102,-255
71,05/01/2024,201,380
71,05/01/2024,202,-380
72,10/02/2024,301,125
72,10/02/2024,302,-125
73,18/03/2024,401,210
73,18/03/2024,402,-210
74,22/04/2024,501,140
74,22/04/2024,502,-140
75,25/05/2024,101,270
75,25/05/2024,102,-270
76,30/06/2024,201,450
76,30/06/2024,202,-450
77,15/07/2024,301,135
77,15/07/2024,302,-135
78,20/08/2024,401,220
78,20/08/2024,402,-220
79,25/09/2024,501,155
79,25/09/2024,502,-155
80,01/10/2024,101,280
80,01/10/2024,102,-280
81,05/11/2024,201,480
81,05/11/2024,202,-480
82,10/12/2024,301,145
82,10/12/2024,302,-145
83,28/01/2024,401,235
83,28/01/2024,402,-235
84,25/02/2024,501,165
84,25/02/2024,502,-165
85,12/03/2024,101,295
85,12/03/2024,102,-295
86,10/04/2024,201,510
86,10/04/2024,202,-510
87,18/05/2024,301,150
87,18/05/2024,302,-150
88,22/06/2024,401,250
88,22/06/2024,402,-250
89,05/07/2024,501,180
89,05/07/2024,502,-180
90,10/08/2024,101,315
90,10/08/2024,102,-315
91,15/09/2024,201,530
91,15/09/2024,202,-530
92,20/10/2024,301,160
92,20/10/2024,302,-160
93,28/11/2024,401,265
93,28/11/2024,402,-265
94,05/12/2024,501,195
94,05/12/2024,502,-195
95,08/01/2024,101,330
95,08/01/2024,102,-330
96,14/02/2024,201,550
96,14/02/2024,202,-550
97,20/03/2024,301,170
97,20/03/2024,302,-170
98,25/04/2024,401,280
98,25/04/2024,402,-280
99,10/05/2024,501,205
99,10/05/2024,502,-205
100,15/06/2024,101,345
100,15/06/2024,102,-345
101,20/07/2024,201,570
101,20/07/2024,202,-570
102,25/08/2024,301,180
102,25/08/2024,302,-180
103,30/09/2024,401,295
103,30/09/2024,402,-295
104,15/10/2024,501,220
104,15/10/2024,502,-220
105,20/11/2024,101,360
105,20/11/2024,102,-360
106,25/12/2024,201,600
106,25/12/2024,202,-600
107,05/01/2024,301,190
107,05/01/2024,302,-190
108,10/02/2024,401,310
108,10/02/2024,402,-310
109,18/03/2024,501,235
109,18/03/2024,502,-235
110,22/04/2024,101,380
110,22/04/2024,102,-380
111,25/05/2024,201,620
111,25/05/2024,202,-620
112,30/06/2024,301,205
112,30/06/2024,302,-205
113,15/07/2024,401,330
113,15/07/2024,402,-330
114,20/08/2024,501,250
114,20/08/2024,502,-250
115,25/09/2024,101,400
115,25/09/2024,102,-400
116,01/10/2024,201,650
116,01/10/2024,202,-650
117,05/11/2024,301,220
117,05/11/2024,302,-220
118,10/12/2024,401,350
118,10/12/2024,402,-350
119,28/01/2024,501,265
119,28/01/2024,502,-265
120,25/02/2024,101,420
120,25/02/2024,102,-420
121,12/03/2024,201,680
121,12/03/2024,202,-680
122,10/04/2024,301,230
122,10/04/2024,302,-230
123,18/05/2024,401,370
123,18/05/2024,402,-370
124,22/06/2024,501,280
124,22/06/2024,502,-280
125,05/07/2024,101,440
125,05/07/2024,102,-440
126,10/08/2024,201,700
126,10/08/2024,202,-700
127,15/09/2024,301,245
127,15/09/2024,302,-245
128,20/10/2024,401,390
128,20/10/2024,402,-390
129,28/11/2024,501,295
129,28/11/2024,502,-295
130,05/12/2024,101,460
130,05/12/2024,102,-460
131,08/01/2024,201,730
131,08/01/2024,202,-730
132,14/02/2024,301,260
132,14/02/2024,302,-260
133,20/03/2024,401,410
133,20/03/2024,402,-410
134,25/04/2024,501,310
134,25/04/2024,502,-310
135,10/05/2024,101,480
135,10/05/2024,102,-480
136,15/06/2024,201,750
136,15/06/2024,202,-750
137,20/07/2024,301,275
137,20/07/2024,302,-275
138,25/08/2024,401,430
138,25/08/2024,402,-430
139,30/09/2024,501,325
139,30/09/2024,502,-325
140,15/10/2024,101,500
140,15/10/2024,102,-500
141,20/11/2024,201,780
141,20/11/2024,202,-780
142,25/12/2024,301,290
142,25/12/2024,302,-290
143,05/01/2024,401,450
143,05/01/2024,402,-450
144,10/02/2024,501,340
144,10/02/2024,502,-340
145,18/03/2024,101,520
145,18/03/2024,102,-520
146,22/04/2024,201,810
146,22/04/2024,202,-810
147,25/05/2024,301,305
147,25/05/2024,302,-305
148,30/06/2024,401,470
148,30/06/2024,402,-470
149,15/07/2024,501,355
149,15/07/2024,502,-355
150,20/08/2024,101,540
150,20/08/2024,102,-540
151,25/09/2024,201,840
151,25/09/2024,202,-840
152,01/10/2024,301,320
152,01/10/2024,302,-320
153,05/11/2024,401,490
153,05/11/2024,402,-490
154,10/12/2024,501,370
154,10/12/2024,502,-370
155,28/01/2024,101,560
155,28/01/2024,102,-560
156,25/02/2024,201,870
156,25/02/2024,202,-870
157,12/03/2024,301,335
157,12/03/2024,302,-335
158,10/04/2024,401,510
158,10/04/2024,402,-510
159,18/05/2024,501,385
159,18/05/2024,502,-385
160,22/06/2024,101,580
160,22/06/2024,102,-580
161,05/07/2024,201,900
161,05/07/2024,202,-900
162,10/08/2024,301,350
162,10/08/2024,302,-350
163,15/09/2024,401,530
163,15/09/2024,402,-530
164,20/10/2024,501,400
164,20/10/2024,502,-400
165,28/11/2024,101,600
165,28/11/2024,102,-600
166,05/12/2024,201,930
166,05/12/2024,202,-930
167,08/01/2024,301,365
167,08/01/2024,302,-365
168,14/02/2024,401,550
168,14/02/2024,402,-550
169,20/03/2024,501,415
169,20/03/2024,502,-415
170,25/04/2024,101,620
170,25/04/2024,102,-620
171,10/05/2024,201,960
171,10/05/2024,202,-960
172,15/06/2024,301,380
172,15/06/2024,302,-380
173,20/07/2024,401,570
173,20/07/2024,402,-570
174,25/08/2024,501,430
174,25/08/2024,502,-430
175,30/09/2024,101,640
175,30/09/2024,102,-640
176,15/10/2024,201,990
176,15/10/2024,202,-990
177,20/11/2024,301,395
177,20/11/2024,302,-395
178,25/12/2024,401,590
178,25/12/2024,402,-590
179,05/01/2024,501,450
179,05/01/2024,502,-450
180,10/02/2024,101,660
180,10/02/2024,102,-660
181,18/03/2024,201,1020
181,18/03/2024,202,-1020
182,22/04/2024,301,410
182,22/04/2024,302,-410
183,25/05/2024,401,610
183,25/05/2024,402,-610
184,30/06/2024,501,465
184,30/06/2024,502,-465
185,15/07/2024,101,680
185,15/07/2024,102,-680
186,20/08/2024,201,1050
186,20/08/2024,202,-1050
187,25/09/2024,301,425
187,25/09/2024,302,-425
188,01/10/2024,401,630
188,01/10/2024,402,-630
189,05/11/2024,501,480
189,05/11/2024,502,-480
190,10/12/2024,101,700
190,10/12/2024,102,-700
191,28/01/2024,201,1080
191,28/01/2024,202,-1080
192,25/02/2024,301,440
192,25/02/2024,302,-440
193,12/03/2024,401,650
193,12/03/2024,402,-650
194,10/04/2024,501,495
194,10/04/2024,502,-495
195,18/05/2024,101,720
195,18/05/2024,102,-720
196,22/06/2024,201,1110
196,22/06/2024,202,-1110
197,05/07/2024,301,455
197,05/07/2024,302,-455
198,10/08/2024,401,670
198,10/08/2024,402,-670
199,15/09/2024,501,510
199,15/09/2024,502,-510
200,20/10/2024,101,740
200,20/10/2024,102,-740
201,28/11/2024,201,1140
201,28/11/2024,202,-1140
202,05/12/2024,301,470
202,05/12/2024,302,-470
203,08/01/2024,401,690
203,08/01/2024,402,-690
204,14/02/2024,501,525
204,14/02/2024,502,-525
205,20/03/2024,101,760
205,20/03/2024,102,-760
206,25/04/2024,201,1170
206,25/04/2024,202,-1170
207,10/05/2024,301,485
207,10/05/2024,302,-485
208,15/06/2024,401,710
208,15/06/2024,402,-710
209,20/07/2024,501,540
209,20/07/2024,502,-540
210,25/08/2024,101,780
210,25/08/2024,102,-780
211,30/09/2024,201,1200
211,30/09/2024,202,-1200
212,15/10/2024,301,500
212,15/10/2024,302,-500
213,20/11/2024,401,730
213,20/11/2024,402,-730
214,25/12/2024,501,555
214,25/12/2024,502,-555
215,05/01/2024,101,800
215,05/01/2024,102,-800
216,10/02/2024,201,1230
216,10/02/2024,202,-1230
217,18/03/2024,301,520
217,18/03/2024,302,-520
218,22/04/2024,401,750
218,22/04/2024,402,-750
219,25/05/2024,501,570
219,25/05/2024,502,-570
220,30/06/2024,101,820
220,30/06/2024,102,-820
221,15/07/2024,201,1260
221,15/07/2024,202,-1260
222,20/08/2024,301,535
222,20/08/2024,302,-535
223,25/09/2024,401,770
223,25/09/2024,402,-770
224,01/10/2024,501,585
224,01/10/2024,502,-585
225,05/11/2024,101,840
225,05/11/2024,102,-840
226,10/12/2024,201,1290
226,10/12/2024,202,-1290
227,28/01/2024,301,550
227,28/01/2024,302,-550
228,25/02/2024,401,790
228,25/02/2024,402,-790
229,12/03/2024,501,600
229,12/03/2024,502,-600
230,10/04/2024,101,860
230,10/04/2024,102,-860
231,18/05/2024,201,1320
231,18/05/2024,202,-1320
232,22/06/2024,301,570
232,22/06/2024,302,-570
233,05/07/2024,401,810
233,05/07/2024,402,-810
234,10/08/2024,501,615
234,10/08/2024,502,-615
235,15/09/2024,101,880
235,15/09/2024,102,-880
236,20/10/2024,201,1350
236,20/10/2024,202,-1350
237,28/11/2024,301,585
237,28/11/2024,302,-585
238,05/12/2024,401,830
238,05/12/2024,402,-830
239,08/01/2024,501,630
239,08/01/2024,502,-630
240,14/02/2024,101,900
240,14/02/2024,102,-900
241,20/03/2024,201,1380
241,20/03/2024,202,-1380
242,25/04/2024,301,600
242,25/04/2024,302,-600
243,10/05/2024,401,850
243,10/05/2024,402,-850
244,15/06/2024,501,645
244,15/06/2024,502,-645
245,20/07/2024,101,920
245,20/07/2024,102,-920
246,25/08/2024,201,1410
246,25/08/2024,202,-1410
247,30/09/2024,301,615
247,30/09/2024,302,-615
248,15/10/2024,401,870
248,15/10/2024,402,-870
249,20/11/2024,501,660
249,20/11/2024,502,-660
250,25/12/2024,101,940
250,25/12/2024,102,-940
251,05/01/2024,201,1440
251,05/01/2024,202,-1440
252,10/02/2024,301,630
252,10/02/2024,302,-630
253,18/03/2024,401,890
253,18/03/2024,402,-890
254,22/04/2024,501,675
254,22/04/2024,502,-675
255,25/05/2024,101,960
255,25/05/2024,102,-960
256,30/06/2024,201,1470
256,30/06/2024,202,-1470
257,15/07/2024,301,645
257,15/07/2024,302,-645
258,20/08/2024,401,910
258,20/08/2024,402,-910
259,25/09/2024,501,690
259,25/09/2024,502,-690
260,01/10/2024,101,980
260,01/10/2024,102,-980
261,05/11/2024,201,1500
261,05/11/2024,202,-1500
262,10/12/2024,301,660
262,10/12/2024,302,-660
263,28/01/2024,401,930
263,28/01/2024,402,-930
264,25/02/2024,501,705
264,25/02/2024,502,-705
265,12/03/2024,101,1000
265,12/03/2024,102,-1000
266,10/04/2024,201,1530
266,10/04/2024,202,-1530
267,18/05/2024,301,675
267,18/05/2024,302,-675
268,22/06/2024,401,950
268,22/06/2024,402,-950
269,05/07/2024,501,720
269,05/07/2024,502,-720
270,10/08/2024,101,1020
270,10/08/2024,102,-1020
271,15/09/2024,201,1560
271,15/09/2024,202,-1560
272,20/10/2024,301,690
272,20/10/2024,302,-690
273,28/11/2024,401,970
273,28/11/2024,402,-970
274,05/12/2024,501,735
274,05/12/2024,502,-735
275,08/01/2024,101,1040
275,08/01/2024,102,-1040
276,14/02/2024,201,1590
276,14/02/2024,202,-1590
277,20/03/2024,301,705
277,20/03/2024,302,-705
278,25/04/2024,401,990
278,25/04/2024,402,-990
279,10/05/2024,501,750
279,10/05/2024,502,-750
280,15/06/2024,101,1060
280,15/06/2024,102,-1060
281,20/07/2024,201,1620
281,20/07/2024,202,-1620
282,25/08/2024,301,720
282,25/08/2024,302,-720
283,30/09/2024,401,1010
283,30/09/2024,402,-1010
284,15/10/2024,501,765
284,15/10/2024,502,-765
285,20/11/2024,101,1080
285,20/11/2024,102,-1080
286,25/12/2024,201,1650
286,25/12/2024,202,-1650
287,05/01/2024,301,735
287,05/01/2024,302,-735
288,10/02/2024,401,1030
288,10/02/2024,402,-1030
289,18/03/2024,501,780
289,18/03/2024,502,-780
290,22/04/2024,101,1100
290,22/04/2024,102,-1100
291,25/05/2024,201,1680
291,25/05/2024,202,-1680
292,30/06/2024,301,750
292,30/06/2024,302,-750
293,15/07/2024,401,1050
293,15/07/2024,402,-1050
294,20/08/2024,501,795
294,20/08/2024,502,-795
295,25/09/2024,101,1120
295,25/09/2024,102,-1120
296,01/10/2024,201,1710
296,01/10/2024,202,-1710
297,05/11/2024,301,765
297,05/11/2024,302,-765
298,10/12/2024,401,1070
298,10/12/2024,402,-1070
299,28/01/2024,501,810
299,28/01/2024,502,-810
300,25/02/2024,101,1140
300,25/02/2024,102,-1140
301,12/03/2024,201,1740
301,12/03/2024,202,-1740
302,10/04/2024,301,780
302,10/04/2024,302,-780
303,18/05/2024,401,1090
303,18/05/2024,402,-1090
304,22/06/2024,501,825
304,22/06/2024,502,-825
305,05/07/2024,101,1160
305,05/07/2024,102,-1160
306,10/08/2024,201,1770
306,10/08/2024,202,-1770
307,15/09/2024,301,795
307,15/09/2024,302,-795
308,20/10/2024,401,1110
308,20/10/2024,402,-1110
309,28/11/2024,501,840
309,28/11/2024,502,-840
310,05/12/2024,101,1180
310,05/12/2024,102,-1180
311,08/01/2024,201,1800
311,08/01/2024,202,-1800
312,14/02/2024,301,810
312,14/02/2024,302,-810
313,20/03/2024,401,1130
313,20/03/2024,402,-1130
314,25/04/2024,501,855
314,25/04/2024,502,-855
315,10/05/2024,101,1200
315,10/05/2024,102,-1200
316,15/06/2024,201,1830
316,15/06/2024,202,-1830
317,20/07/2024,301,825
317,20/07/2024,302,-825
318,25/08/2024,401,1150
318,25/08/2024,402,-1150
319,30/09/2024,501,870
319,30/09/2024,502,-870
320,15/10/2024,101,1220
320,15/10/2024,102,-1220
321,20/11/2024,201,1860
321,20/11/2024,202,-1860
322,25/12/2024,301,840
322,25/12/2024,302,-840
323,05/01/2024,401,1170
323,05/01/2024,402,-1170
324,10/02/2024,501,885
324,10/02/2024,502,-885
325,18/03/2024,101,1240
325,18/03/2024,102,-1240
326,22/04/2024,201,1890
326,22/04/2024,202,-1890
327,25/05/2024,301,855
327,25/05/2024,302,-855
328,30/06/2024,401,1190
328,30/06/2024,402,-1190
329,15/07/2024,501,900
329,15/07/2024,502,-900
330,20/08/2024,101,1260
330,20/08/2024,102,-1260
331,25/09/2024,201,1920
331,25/09/2024,202,-1920
332,01/10/2024,301,870
332,01/10/2024,302,-870
333,05/11/2024,401,1210
333,05/11/2024,402,-1210
334,10/12/2024,501,915
334,10/12/2024,502,-915
335,28/01/2024,101,1280
335,28/01/2024,102,-1280
336,25/02/2024,201,1950
336,25/02/2024,202,-1950
337,12/03/2024,301,885
337,12/03/2024,302,-885
338,10/04/2024,401,1230
338,10/04/2024,402,-1230
339,18/05/2024,501,930
339,18/05/2024,502,-930
340,22/06/2024,101,1300
340,22/06/2024,102,-1300
341,05/07/2024,201,1980
341,05/07/2024,202,-1980
342,10/08/2024,301,900
342,10/08/2024,302,-900
343,15/09/2024,401,1250
343,15/09/2024,402,-1250
344,20/10/2024,501,945
344,20/10/2024,502,-945
345,28/11/2024,101,1320
345,28/11/2024,102,-1320
346,05/12/2024,201,2010
346,05/12/2024,202,-2010
347,08/01/2024,301,915
347,08/01/2024,302,-915
348,14/02/2024,401,1270
348,14/02/2024,402,-1270
349,20/03/2024,501,960
349,20/03/2024,502,-960
350,25/04/2024,101,1340
350,25/04/2024,102,-1340
351,10/05/2024,201,2040
351,10/05/2024,202,-2040
352,15/06/2024,301,930
352,15/06/2024,302,-930
353,20/07/2024,401,1290
353,20/07/2024,402,-1290
354,25/08/2024,501,975
354,25/08/2024,502,-975
355,30/09/2024,101,1360
355,30/09/2024,102,-1360
356,15/10/2024,201,2070
356,15/10/2024,202,-2070
357,20/11/2024,301,945
357,20/11/2024,302,-945
358,25/12/2024,401,1310
358,25/12/2024,402,-1310
359,05/01/2024,501,990
359,05/01/2024,502,-990
360,10/02/2024,101,1380
360,10/02/2024,102,-1380
361,18/03/2024,201,2100
361,18/03/2024,202,-2100
362,22/04/2024,301,960
362,22/04/2024,302,-960
363,25/05/2024,401,1330
363,25/05/2024,402,-1330
364,30/06/2024,501,1005
364,30/06/2024,502,-1005
365,15/07/2024,101,1400
365,15/07/2024,102,-1400
366,20/08/2024,201,2130
366,20/08/2024,202,-2130
367,25/09/2024,301,975
367,25/09/2024,302,-975
368,01/10/2024,401,1350
368,01/10/2024,402,-1350
369,05/11/2024,501,1020
369,05/11/2024,502,-1020
370,10/12/2024,101,1420
370,10/12/2024,102,-1420
371,28/01/2024,201,2160
371,28/01/2024,202,-2160
372,25/02/2024,301,990
372,25/02/2024,302,-990
373,12/03/2024,401,1370
373,12/03/2024,402,-1370
374,10/04/2024,501,1035
374,10/04/2024,502,-1035
375,18/05/2024,101,1440
375,18/05/2024,102,-1440
376,22/06/2024,201,2190
376,22/06/2024,202,-2190
377,05/07/2024,301,1005
377,05/07/2024,302,-1005
378,10/08/2024,401,1390
378,10/08/2024,402,-1390
379,15/09/2024,501,1050
379,15/09/2024,502,-1050
380,20/10/2024,101,1460
380,20/10/2024,102,-1460
381,28/11/2024,201,2220
381,28/11/2024,202,-2220
382,05/12/2024,301,1020
382,05/12/2024,302,-1020
383,08/01/2024,401,1410
383,08/01/2024,402,-1410
384,14/02/2024,501,1065
384,14/02/2024,502,-1065
385,20/03/2024,101,1480
385,20/03/2024,102,-1480
386,25/04/2024,201,2250
386,25/04/2024,202,-2250
387,10/05/2024,301,1035
387,10/05/2024,302,-1035
388,15/06/2024,401,1430
388,15/06/2024,402,-1430
389,20/07/2024,501,1080
389,20/07/2024,502,-1080
390,25/08/2024,101,1500
390,25/08/2024,102,-1500
391,30/09/2024,201,2280
391,30/09/2024,202,-2280
392,15/10/2024,301,1050
392,15/10/2024,302,-1050
393,20/11/2024,401,1450
393,20/11/2024,402,-1450
394,25/12/2024,501,1095
394,25/12/2024,502,-1095
395,05/01/2024,101,1520
395,05/01/2024,102,-1520
396,10/02/2024,201,2310
396,10/02/2024,202,-2310
397,18/03/2024,301,1065
397,18/03/2024,302,-1065
398,22/04/2024,401,1470
398,22/04/2024,402,-1470
399,25/05/2024,501,1110
399,25/05/2024,502,-1110
400,30/06/2024,101,1540
400,30/06/2024,102,-1540
401,15/07/2024,201,2340
401,15/07/2024,202,-2340
402,20/08/2024,301,1080
402,20/08/2024,302,-1080
403,25/09/2024,401,1490
403,25/09/2024,402,-1490
404,01/10/2024,501,1125
404,01/10/2024,502,-1125
405,05/11/2024,101,1560
405,05/11/2024,102,-1560
406,10/12/2024,201,2370
406,10/12/2024,202,-2370
407,28/01/2024,301,1095
407,28/01/2024,302,-1095
408,25/02/2024,401,1510
408,25/02/2024,402,-1510
409,12/03/2024,501,1140
409,12/03/2024,502,-1140
410,10/04/2024,101,1580
410,10/04/2024,102,-1580
411,18/05/2024,201,2400
411,18/05/2024,202,-2400
412,22/06/2024,301,1110
412,22/06/2024,302,-1110
413,05/07/2024,401,1530
413,05/07/2024,402,-1530
414,10/08/2024,501,1155
414,10/08/2024,502,-1155
415,15/09/2024,101,1600
415,15/09/2024,102,-1600
416,20/10/2024,201,2430
416,20/10/2024,202,-2430
417,28/11/2024,301,1125
417,28/11/2024,302,-1125
418,05/12/2024,401,1550
418,05/12/2024,402,-1550
419,08/01/2024,501,1170
419,08/01/2024,502,-1170
420,14/02/2024,101,1620
420,14/02/2024,102,-1620
421,20/03/2024,201,2460
421,20/03/2024,202,-2460
422,25/04/2024,301,1140
422,25/04/2024,302,-1140
423,10/05/2024,401,1570
423,10/05/2024,402,-1570
424,15/06/2024,501,1185
424,15/06/2024,502,-1185
425,20/07/2024,101,1640
425,20/07/2024,102,-1640
426,25/08/2024,201,2490
426,25/08/2024,202,-2490
427,30/09/2024,301,1155
427,30/09/2024,302,-1155
428,15/10/2024,401,1590
428,15/10/2024,402,-1590
429,20/11/2024,501,1200
429,20/11/2024,502,-1200
430,25/12/2024,101,1660
430,25/12/2024,102,-1660
431,05/01/2024,201,2520
431,05/01/2024,202,-2520
432,10/02/2024,301,1170
432,10/02/2024,302,-1170
433,18/03/2024,401,1610
433,18/03/2024,402,-1610
434,22/04/2024,501,1215
434,22/04/2024,502,-1215
435,25/05/2024,101,1680
435,25/05/2024,102,-1680
436,30/06/2024,201,2550
436,30/06/2024,202,-2550
437,15/07/2024,301,1185
437,15/07/2024,302,-1185
438,20/08/2024,401,1630
438,20/08/2024,402,-1630
439,25/09/2024,501,1230
439,25/09/2024,502,-1230
440,01/10/2024,101,1700
440,01/10/2024,102,-1700
441,05/11/2024,201,2580
441,05/11/2024,202,-2580
442,10/12/2024,301,1200
442,10/12/2024,302,-1200
443,28/01/2024,401,1650
443,28/01/2024,402,-1650
444,25/02/2024,501,1245
444,25/02/2024,502,-1245
445,12/03/2024,101,1720
445,12/03/2024,102,-1720
446,10/04/2024,201,2610
446,10/04/2024,202,-2610
447,18/05/2024,301,1215
447,18/05/2024,302,-1215
448,22/06/2024,401,1670
448,22/06/2024,402,-1670
449,05/07/2024,501,1260
449,05/07/2024,502,-1260
450,10/08/2024,101,1740
450,10/08/2024,102,-1740
451,15/09/2024,201,2640
451,15/09/2024,202,-2640
452,20/10/2024,301,1230
452,20/10/2024,302,-1230
453,28/11/2024,401,1690
453,28/11/2024,402,-1690
454,05/12/2024,501,1275
454,05/12/2024,502,-1275
455,08/01/2024,101,1760
455,08/01/2024,102,-1760
456,14/02/2024,201,2670
456,14/02/2024,202,-2670
457,20/03/2024,301,1245
457,20/03/2024,302,-1245
458,25/04/2024,401,1710
458,25/04/2024,402,-1710
459,10/05/2024,501,1290
459,10/05/2024,502,-1290
460,15/06/2024,101,1780
460,15/06/2024,102,-1780
461,20/07/2024,201,2700
461,20/07/2024,202,-2700
462,25/08/2024,301,1260
462,25/08/2024,302,-1260
463,30/09/2024,401,1730
463,30/09/2024,402,-1730
464,15/10/2024,501,1305
464,15/10/2024,502,-1305
465,20/11/2024,101,1800
465,20/11/2024,102,-1800
466,25/12/2024,201,2730
466,25/12/2024,202,-2730
467,05/01/2024,301,1275
467,05/01/2024,302,-1275
468,10/02/2024,401,1750
468,10/02/2024,402,-1750
469,18/03/2024,501,1320
469,18/03/2024,502,-1320
470,22/04/2024,101,1820
470,22/04/2024,102,-1820
471,25/05/2024,201,2760
471,25/05/2024,202,-2760
472,30/06/2024,301,1290
472,30/06/2024,302,-1290
473,15/07/2024,401,1770
473,15/07/2024,402,-1770
474,20/08/2024,501,1335
474,20/08/2024,502,-1335
475,25/09/2024,101,1840
475,25/09/2024,102,-1840
476,01/10/2024,201,2790
476,01/10/2024,202,-2790
477,05/11/2024,301,1305
477,05/11/2024,302,-1305
478,10/12/2024,401,1790
478,10/12/2024,402,-1790
479,28/01/2024,501,1350
479,28/01/2024,502,-1350
480,25/02/2024,101,1860
480,25/02/2024,102,-1860
481,12/03/2024,201,2820
481,12/03/2024,202,-2820
482,10/04/2024,301,1320
482,10/04/2024,302,-1320
483,18/05/2024,401,1810
483,18/05/2024,402,-1810
484,22/06/2024,501,1365
484,22/06/2024,502,-1365
485,05/07/2024,101,1880
485,05/07/2024,102,-1880
486,10/08/2024,201,2850
486,10/08/2024,202,-2850
487,15/09/2024,301,1335
487,15/09/2024,302,-1335
488,20/10/2024,401,1830
488,20/10/2024,402,-1830
489,28/11/2024,501,1380
489,28/11/2024,502,-1380
490,05/12/2024,101,1900
490,05/12/2024,102,-1900
491,08/01/2024,201,2880
491,08/01/2024,202,-2880
492,14/02/2024,301,1350
492,14/02/2024,302,-1350
493,20/03/2024,401,1850
493,20/03/2024,402,-1850
494,25/04/2024,501,1395
494,25/04/2024,502,-1395
495,10/05/2024,101,1920
495,10/05/2024,102,-1920
496,15/06/2024,201,2910
496,15/06/2024,202,-2910
497,20/07/2024,301,1365
497,20/07/2024,302,-1365
498,25/08/2024,401,1870
498,25/08/2024,402,-1870
499,30/09/2024,501,1410
499,30/09/2024,502,-1410
500,15/10/2024,101,1940
500,15/10/2024,102,-1940
501,20/11/2024,201,2940
501,20/11/2024,202,-2940
502,25/12/2024,301,1380
502,25/12/2024,302,-1380
503,05/01/2024,401,1890
503,05/01/2024,402,-1890
504,10/02/2024,501,1425
504,10/02/2024,502,-1425
505,18/03/2024,101,1960
505,18/03/2024,102,-1960
506,22/04/2024,201,2970
506,22/04/2024,202,-2970
507,25/05/2024,301,1395
507,25/05/2024,302,-1395
508,30/06/2024,401,1910
508,30/06/2024,402,-1910
509,15/07/2024,501,1440
509,15/07/2024,502,-1440
510,20/08/2024,101,1980
510,20/08/2024,102,-1980
511,25/09/2024,201,3000
511,25/09/2024,202,-3000
512,01/10/2024,301,1410
512,01/10/2024,302,-1410
513,05/11/2024,401,1930
513,05/11/2024,402,-1930
514,10/12/2024,501,1455
514,10/12/2024,502,-1455
515,28/01/2024,101,2000
515,28/01/2024,102,-2000
516,25/02/2024,201,3030
516,25/02/2024,202,-3030
517,12/03/2024,301,1425
517,12/03/2024,302,-1425
518,10/04/2024,401,1950
518,10/04/2024,402,-1950
519,18/05/2024,501,1470
519,18/05/2024,502,-1470
520,22/06/2024,101,2020
520,22/06/2024,102,-2020
521,05/07/2024,201,3060
521,05/07/2024,202,-3060
522,10/08/2024,301,1440
522,10/08/2024,302,-1440
523,15/09/2024,401,1970
523,15/09/2024,402,-1970
524,20/10/2024,501,1485
524,20/10/2024,502,-1485
525,28/11/2024,101,2040
525,28/11/2024,102,-2040
526,05/12/2024,201,3090
526,05/12/2024,202,-3090
527,08/01/2024,301,1455
527,08/01/2024,302,-1455
528,14/02/2024,401,1990
528,14/02/2024,402,-1990
529,20/03/2024,501,1500
529,20/03/2024,502,-1500
530,25/04/2024,101,2060
530,25/04/2024,102,-2060
531,10/05/2024,201,3120
531,10/05/2024,202,-3120
532,15/06/2024,301,1470
532,15/06/2024,302,-1470
533,20/07/2024,401,2010
533,20/07/2024,402,-2010
534,25/08/2024,501,1515
534,25/08/2024,502,-1515
535,30/09/2024,101,2080
535,30/09/2024,102,-2080
536,15/10/2024,201,3150
536,15/10/2024,202,-3150
537,20/11/2024,301,1485
537,20/11/2024,302,-1485
538,25/12/2024,401,2030
538,25/12/2024,402,-2030
539,05/01/2024,501,1530
539,05/01/2024,502,-1530
540,10/02/2024,101,2100
540,10/02/2024,102,-2100
541,18/03/2024,201,3180
541,18/03/2024,202,-3180
542,22/04/2024,301,1500
542,22/04/2024,302,-1500
543,25/05/2024,401,2050
543,25/05/2024,402,-2050
544,30/06/2024,501,1545
544,30/06/2024,502,-1545
545,15/07/2024,101,2120
545,15/07/2024,102,-2120
546,20/08/2024,201,3210
546,20/08/2024,202,-3210
547,25/09/2024,301,1515
547,25/09/2024,302,-1515
548,01/10/2024,401,2070
548,01/10/2024,402,-2070
549,05/11/2024,501,1560
549,05/11/2024,502,-1560
550,10/12/2024,101,2140
550,10/12/2024,102,-2140
551,28/01/2024,201,3240
551,28/01/2024,202,-3240
552,25/02/2024,301,1530
552,25/02/2024,302,-1530
553,12/03/2024,401,2090
553,12/03/2024,402,-2090
554,10/04/2024,501,1575
554,10/04/2024,502,-1575
555,18/05/2024,101,2160
555,18/05/2024,102,-2160
556,22/06/2024,201,3270
556,22/06/2024,202,-3270
557,05/07/2024,301,1545
557,05/07/2024,302,-1545
558,10/08/2024,401,2110
558,10/08/2024,402,-2110
559,15/09/2024,501,1590
559,15/09/2024,502,-1590
560,20/10/2024,101,2180
560,20/10/2024,102,-2180
561,28/11/2024,201,3300
561,28/11/2024,202,-3300
562,05/12/2024,301,1560
562,05/12/2024,302,-1560
563,08/01/2024,401,2130
563,08/01/2024,402,-2130
564,14/02/2024,501,1605
564,14/02/2024,502,-1605
565,20/03/2024,101,2200
565,20/03/2024,102,-2200
566,25/04/2024,201,3330
566,25/04/2024,202,-3330
567,10/05/2024,301,1575
567,10/05/2024,302,-1575
568,15/06/2024,401,2150
568,15/06/2024,402,-2150
569,20/07/2024,501,1620
569,20/07/2024,502,-1620
570,25/08/2024,101,2220
570,25/08/2024,102,-2220
571,30/09/2024,201,3360
571,30/09/2024,202,-3360
572,15/10/2024,301,1590
572,15/10/2024,302,-1590
573,20/11/2024,401,2170
573,20/11/2024,402,-2170
574,25/12/2024,501,1635
574,25/12/2024,502,-1635
575,05/01/2024,101,2240
575,05/01/2024,102,-2240
576,10/02/2024,201,3390
576,10/02/2024,202,-3390
577,18/03/2024,301,1605
577,18/03/2024,302,-1605
578,22/04/2024,401,2190
578,22/04/2024,402,-2190
579,25/05/2024,501,1650
579,25/05/2024,502,-1650
580,30/06/2024,101,2260
580,30/06/2024,102,-2260
581,15/07/2024,201,3420
581,15/07/2024,202,-3420
582,20/08/2024,301,1620
582,20/08/2024,302,-1620
583,25/09/2024,401,2210
583,25/09/2024,402,-2210
584,01/10/2024,501,1665
584,01/10/2024,502,-1665
585,05/11/2024,101,2280
585,05/11/2024,102,-2280
586,10/12/2024,201,3450
586,10/12/2024,202,-3450
587,28/01/2024,301,1635
587,28/01/2024,302,-1635
588,25/02/2024,401,2230
588,25/02/2024,402,-2230
589,12/03/2024,501,1680
589,12/03/2024,502,-1680
590,10/04/2024,101,2300
590,10/04/2024,102,-2300
591,18/05/2024,201,3480
591,18/05/2024,202,-3480
592,22/06/2024,301,1650
592,22/06/2024,302,-1650
593,05/07/2024,401,2250
593,05/07/2024,402,-2250
594,10/08/2024,501,1695
594,10/08/2024,502,-1695
595,15/09/2024,101,2320
595,15/09/2024,102,-2320
596,20/10/2024,201,3510
596,20/10/2024,202,-3510
597,28/11/2024,301,1665
597,28/11/2024,302,-1665
598,05/12/2024,401,2270
598,05/12/2024,402,-2270
599,08/01/2024,501,1710
599,08/01/2024,502,-1710
600,14/02/2024,101,2340
600,14/02/2024,102,-2340
601,20/03/2024,201,3540
601,20/03/2024,202,-3540
602,25/04/2024,301,1680
602,25/04/2024,302,-1680
603,10/05/2024,401,2290
603,10/05/2024,402,-2290
604,15/06/2024,501,1725
604,15/06/2024,502,-1725
605,20/07/2024,101,2360
605,20/07/2024,102,-2360
606,25/08/2024,201,3570
606,25/08/2024,202,-3570
607,30/09/2024,301,1695
607,30/09/2024,302,-1695
608,15/10/2024,401,2310
608,15/10/2024,402,-2310
609,20/11/2024,501,1740
609,20/11/2024,502,-1740
610,25/12/2024,101,2380
610,25/12/2024,102,-2380
611,05/01/2024,201,3600
611,05/01/2024,202,-3600
612,10/02/2024,301,1710
612,10/02/2024,302,-1710
613,18/03/2024,401,2330
613,18/03/2024,402,-2330
614,22/04/2024,501,1755
614,22/04/2024,502,-1755
615,25/05/2024,101,2400
615,25/05/2024,102,-2400
616,30/06/2024,201,3630
616,30/06/2024,202,-3630
617,15/07/2024,301,1725
617,15/07/2024,302,-1725
618,20/08/2024,401,2350
618,20/08/2024,402,-2350
619,25/09/2024,501,1770
619,25/09/2024,502,-1770
620,01/10/2024,101,2420
620,01/10/2024,102,-2420
621,05/11/2024,201,3660
621,05/11/2024,202,-3660
622,10/12/2024,301,1740
622,10/12/2024,302,-1740
623,28/01/2024,401,2370
623,28/01/2024,402,-2370
624,25/02/2024,501,1785
624,25/02/2024,502,-1785
625,12/03/2024,101,2440
625,12/03/2024,102,-2440
626,10/04/2024,201,3690
626,10/04/2024,202,-3690
627,18/05/2024,301,1755
627,18/05/2024,302,-1755
628,22/06/2024,401,2390
628,22/06/2024,402,-2390
629,05/07/2024,501,1800
629,05/07/2024,502,-1800
630,10/08/2024,101,2460
630,10/08/2024,102,-2460
631,15/09/2024,201,3720
631,15/09/2024,202,-3720
632,20/10/2024,301,1770
632,20/10/2024,302,-1770
633,28/11/2024,401,2410
633,28/11/2024,402,-2410
634,05/12/2024,501,1815
634,05/12/2024,502,-1815
635,08/01/2024,101,2480
635,08/01/2024,102,-2480
636,14/02/2024,201,3750
636,14/02/2024,202,-3750
637,20/03/2024,301,1785
637,20/03/2024,302,-1785
638,25/04/2024,401,2430
638,25/04/2024,402,-2430
639,10/05/2024,501,1830
639,10/05/2024,502,-1830
640,15/06/2024,101,2500
640,15/06/2024,102,-2500
641,20/07/2024,201,3780
641,20/07/2024,202,-3780
642,25/08/2024,301,1800
642,25/08/2024,302,-1800
643,30/09/2024,401,2450
643,30/09/2024,402,-2450
644,15/10/2024,501,1845
644,15/10/2024,502,-1845
645,20/11/2024,101,2520
645,20/11/2024,102,-2520
646,25/12/2024,201,3810
646,25/12/2024,202,-3810
647,05/01/2024,301,1815
647,05/01/2024,302,-1815
648,10/02/2024,401,2470
648,10/02/2024,402,-2470
649,18/03/2024,501,1860
649,18/03/2024,502,-1860
650,22/04/2024,101,2540
650,22/04/2024,102,-2540
651,25/05/2024,201,3840
651,25/05/2024,202,-3840
652,30/06/2024,301,1830
652,30/06/2024,302,-1830
653,15/07/2024,401,2490
653,15/07/2024,402,-2490
654,20/08/2024,501,1875
654,20/08/2024,502,-1875
655,25/09/2024,101,2560
655,25/09/2024,102,-2560
656,01/10/2024,201,3870
656,01/10/2024,202,-3870
657,05/11/2024,301,1845
657,05/11/2024,302,-1845
658,10/12/2024,401,2510
658,10/12/2024,402,-2510
659,28/01/2024,501,1890
659,28/01/2024,502,-1890
660,25/02/2024,101,2580
660,25/02/2024,102,-2580
661,12/03/2024,201,3900
661,12/03/2024,202,-3900
662,10/04/2024,301,1860
662,10/04/2024,302,-1860
663,18/05/2024,401,2530
663,18/05/2024,402,-2530
664,22/06/2024,501,1905
664,22/06/2024,502,-1905
665,05/07/2024,101,2600
665,05/07/2024,102,-2600
666,10/08/2024,201,3930
666,10/08/2024,202,-3930
667,15/09/2024,301,1875
667,15/09/2024,302,-1875
668,20/10/2024,401,2550
668,20/10/2024,402,-2550
669,28/11/2024,501,1920
669,28/11/2024,502,-1920
670,05/12/2024,101,2620
670,05/12/2024,102,-2620
671,08/01/2024,201,3960
671,08/01/2024,202,-3960
672,14/02/2024,301,1890
672,14/02/2024,302,-1890
673,20/03/2024,401,2570
673,20/03/2024,402,-2570
674,25/04/2024,501,1935
674,25/04/2024,502,-1935
675,10/05/2024,101,2640
675,10/05/2024,102,-2640
676,15/06/2024,201,3990
676,15/06/2024,202,-3990
677,20/07/2024,301,1905
677,20/07/2024,302,-1905
678,25/08/2024,401,2590
678,25/08/2024,402,-2590
679,30/09/2024,501,1950
679,30/09/2024,502,-1950
680,15/10/2024,101,2660
680,15/10/2024,102,-2660
681,20/11/2024,201,4020
681,20/11/2024,202,-4020
682,25/12/2024,301,1920
682,25/12/2024,302,-1920
683,05/01/2024,401,2610
683,05/01/2024,402,-2610
684,10/02/2024,501,1965
684,10/02/2024,502,-1965
685,18/03/2024,101,2680
685,18/03/2024,102,-2680
686,22/04/2024,201,4050
686,22/04/2024,202,-4050
687,25/05/2024,301,1935
687,25/05/2024,302,-1935
688,30/06/2024,401,2630
688,30/06/2024,402,-2630
689,15/07/2024,501,1980
689,15/07/2024,502,-1980
690,20/08/2024,101,2700
690,20/08/2024,102,-2700
691,25/09/2024,201,4080
691,25/09/2024,202,-4080
692,01/10/2024,301,1950
692,01/10/2024,302,-1950
693,05/11/2024,401,2650
693,05/11/2024,402,-2650
694,10/12/2024,501,1995
694,10/12/2024,502,-1995
695,28/01/2024,101,2720
695,28/01/2024,102,-2720
696,25/02/2024,201,4110
696,25/02/2024,202,-4110
697,12/03/2024,301,1965
697,12/03/2024,302,-1965
698,10/04/2024,401,2670
698,10/04/2024,402,-2670
699,18/05/2024,501,2010
699,18/05/2024,502,-2010
700,22/06/2024,101,2740
700,22/06/2024,102,-2740
701,05/07/2024,201,4140
701,05/07/2024,202,-4140
702,10/08/2024,301,1980
702,10/08/2024,302,-1980
703,15/09/2024,401,2690
703,15/09/2024,402,-2690
704,20/10/2024,501,2025
704,20/10/2024,502,-2025
705,28/11/2024,101,2760
705,28/11/2024,102,-2760
706,05/12/2024,201,4170
706,05/12/2024,202,-4170
707,08/01/2024,301,1995
707,08/01/2024,302,-1995
708,14/02/2024,401,2710
708,14/02/2024,402,-2710
709,20/03/2024,501,2040
709,20/03/2024,502,-2040
710,25/04/2024,101,2780
710,25/04/2024,102,-2780
711,10/05/2024,201,4200
711,10/05/2024,202,-4200
712,15/06/2024,301,2010
712,15/06/2024,302,-2010
713,20/07/2024,401,2730
713,20/07/2024,402,-2730
714,25/08/2024,501,2055
714,25/08/2024,502,-2055
715,30/09/2024,101,2800
715,30/09/2024,102,-2800
716,15/10/2024,201,4230
716,15/10/2024,202,-4230
717,20/11/2024,301,2025
717,20/11/2024,302,-2025
718,25/12/2024,401,2750
718,25/12/2024,402,-2750
719,05/01/2024,501,2070
719,05/01/2024,502,-2070
720,10/02/2024,101,2820
720,10/02/2024,102,-2820
721,18/03/2024,201,4260
721,18/03/2024,202,-4260
722,22/04/2024,301,2040
722,22/04/2024,302,-2040
723,25/05/2024,401,2770
723,25/05/2024,402,-2770
724,30/06/2024,501,2085
724,30/06/2024,502,-2085
725,15/07/2024,101,2840
725,15/07/2024,102,-2840
726,20/08/2024,201,4290
726,20/08/2024,202,-4290
727,25/09/2024,301,2055
727,25/09/2024,302,-2055
728,01/10/2024,401,2790
728,01/10/2024,402,-2790
729,05/11/2024,501,2100
729,05/11/2024,502,-2100
730,10/12/2024,101,2860
730,10/12/2024,102,-2860
731,28/01/2024,201,4320
731,28/01/2024,202,-4320
732,25/02/2024,301,2070
732,25/02/2024,302,-2070
733,12/03/2024,401,2810
733,12/03/2024,402,-2810
734,10/04/2024,501,2115
734,10/04/2024,502,-2115
735,18/05/2024,101,2880
735,18/05/2024,102,-2880
736,22/06/2024,201,4350
736,22/06/2024,202,-4350
737,05/07/2024,301,2085
737,05/07/2024,302,-2085
738,10/08/2024,401,2830
738,10/08/2024,402,-2830
739,15/09/2024,501,2130
739,15/09/2024,502,-2130
740,20/10/2024,101,2900
740,20/10/2024,102,-2900
741,28/11/2024,201,4380
741,28/11/2024,202,-4380
742,05/12/2024,301,2100
742,05/12/2024,302,-2100
743,08/01/2024,401,2850
743,08/01/2024,402,-2850
744,14/02/2024,501,2145
744,14/02/2024,502,-2145
745,20/03/2024,101,2920
745,20/03/2024,102,-2920
746,25/04/2024,201,4410
746,25/04/2024,202,-4410
747,10/05/2024,301,2115
747,10/05/2024,302,-2115
748,15/06/2024,401,2870
748,15/06/2024,402,-2870
749,20/07/2024,501,2160
749,20/07/2024,502,-2160
750,25/08/2024,101,2940
750,25/08/2024,102,-2940
751,30/09/2024,201,4440
751,30/09/2024,202,-4440
752,15/10/2024,301,2130
752,15/10/2024,302,-2130
753,20/11/2024,401,2890
753,20/11/2024,402,-2890
754,25/12/2024,501,2175
754,25/12/2024,502,-2175
755,05/01/2024,101,2960
755,05/01/2024,102,-2960
756,10/02/2024,201,4470
756,10/02/2024,202,-4470
757,18/03/2024,301,2145
757,18/03/2024,302,-2145
758,22/04/2024,401,2910
758,22/04/2024,402,-2910
759,25/05/2024,501,2190
759,25/05/2024,502,-2190
760,30/06/2024,101,2980
760,30/06/2024,102,-2980
761,15/07/2024,201,4500
761,15/07/2024,202,-4500
762,20/08/2024,301,2160
762,20/08/2024,302,-2160
763,25/09/2024,401,2930
763,25/09/2024,402,-2930
764,01/10/2024,501,2205
764,01/10/2024,502,-2205
765,05/11/2024,101,3000
765,05/11/2024,102,-3000
766,10/12/2024,201,4530
766,10/12/2024,202,-4530
767,28/01/2024,301,2175
767,28/01/2024,302,-2175
768,25/02/2024,401,2950
768,25/02/2024,402,-2950
769,12/03/2024,501,2220
769,12/03/2024,502,-2220
770,10/04/2024,101,3020
770,10/04/2024,102,-3020
771,18/05/2024,201,4560
771,18/05/2024,202,-4560
772,22/06/2024,301,2190
772,22/06/2024,302,-2190
773,05/07/2024,401,2970
773,05/07/2024,402,-2970
774,10/08/2024,501,2235
774,10/08/2024,502,-2235
775,15/09/2024,101,3040
775,15/09/2024,102,-3040
776,20/10/2024,201,4590
776,20/10/2024,202,-4590
777,28/11/2024,301,2205
777,28/11/2024,302,-2205
778,05/12/2024,401,2990
778,05/12/2024,402,-2990
779,08/01/2024,501,2250
779,08/01/2024,502,-2250
780,14/02/2024,101,3060
780,14/02/2024,102,-3060
781,20/03/2024,201,4620
781,20/03/2024,202,-4620
782,25/04/2024,301,2220
782,25/04/2024,302,-2220
783,10/05/2024,401,3010
783,10/05/2024,402,-3010
784,15/06/2024,501,2265
784,15/06/2024,502,-2265
785,20/07/2024,101,3080
785,20/07/2024,102,-3080
786,25/08/2024,201,4650
786,25/08/2024,202,-4650
787,30/09/2024,301,2235
787,30/09/2024,302,-2235
788,15/10/2024,401,3030
788,15/10/2024,402,-3030
789,20/11/2024,501,2280
789,20/11/2024,502,-2280
790,25/12/2024,101,3100
790,25/12/2024,102,-3100
791,05/01/2024,201,4680
791,05/01/2024,202,-4680
792,10/02/2024,301,2250
792,10/02/2024,302,-2250
793,18/03/2024,401,3050
793,18/03/2024,402,-3050
794,22/04/2024,501,2295
794,22/04/2024,502,-2295
795,25/05/2024,101,3120
795,25/05/2024,102,-3120
796,30/06/2024,201,4710
796,30/06/2024,202,-4710
797,15/07/2024,301,2265
797,15/07/2024,302,-2265
798,20/08/2024,401,3070
798,20/08/2024,402,-3070
799,25/09/2024,501,2310
799,25/09/2024,502,-2310
800,01/10/2024,101,3140
800,01/10/2024,102,-3140
801,05/11/2024,201,4740
801,05/11/2024,202,-4740
802,10/12/2024,301,2280
802,10/12/2024,302,-2280
803,28/01/2024,401,3090
803,28/01/2024,402,-3090
804,25/02/2024,501,2325
804,25/02/2024,502,-2325
805,12/03/2024,101,3160
805,12/03/2024,102,-3160
806,10/04/2024,201,4770
806,10/04/2024,202,-4770
807,18/05/2024,301,2295
807,18/05/2024,302,-2295
808,22/06/2024,401,3110
808,22/06/2024,402,-3110
809,05/07/2024,501,2340
809,05/07/2024,502,-2340
810,10/08/2024,101,3180
810,10/08/2024,102,-3180
811,15/09/2024,201,4800
811,15/09/2024,202,-4800
812,20/10/2024,301,2310
812,20/10/2024,302,-2310
813,28/11/2024,401,3130
813,28/11/2024,402,-3130
814,05/12/2024,501,2355
814,05/12/2024,502,-2355
815,08/01/2024,101,3200
815,08/01/2024,102,-3200
816,14/02/2024,201,4830
816,14/02/2024,202,-4830
817,20/03/2024,301,2325
817,20/03/2024,302,-2325
818,25/04/2024,401,3150
818,25/04/2024,402,-3150
819,10/05/2024,501,2370
819,10/05/2024,502,-2370
820,15/06/2024,101,3220
820,15/06/2024,102,-3220
821,20/07/2024,201,4860
821,20/07/2024,202,-4860
822,25/08/2024,301,2340
822,25/08/2024,302,-2340
823,30/09/2024,401,3170
823,30/09/2024,402,-3170
824,15/10/2024,501,2385
824,15/10/2024,502,-2385
825,20/11/2024,101,3240
825,20/11/2024,102,-3240
826,25/12/2024,201,4890
826,25/12/2024,202,-4890
827,05/01/2024,301,2355
827,05/01/2024,302,-2355
828,10/02/2024,401,3190
828,10/02/2024,402,-3190
829,18/03/2024,501,2400
829,18/03/2024,502,-2400
830,22/04/2024,101,3260
830,22/04/2024,102,-3260
831,25/05/2024,201,4920
831,25/05/2024,202,-4920
832,30/06/2024,301,2370
832,30/06/2024,302,-2370
833,15/07/2024,401,3210
833,15/07/2024,402,-3210
834,20/08/2024,501,2415
834,20/08/2024,502,-2415
835,25/09/2024,101,3280
835,25/09/2024,102,-3280
836,01/10/2024,201,4950
836,01/10/2024,202,-4950
837,05/11/2024,301,2385
837,05/11/2024,302,-2385
838,10/12/2024,401,3230
838,10/12/2024,402,-3230
839,28/01/2024,501,2430
839,28/01/2024,502,-2430
840,25/02/2024,101,3300
840,25/02/2024,102,-3300
841,12/03/2024,201,4980
841,12/03/2024,202,-4980
842,10/04/2024,301,2400
842,10/04/2024,302,-2400
843,18/05/2024,401,3250
843,18/05/2024,402,-3250
844,22/06/2024,501,2445
844,22/06/2024,502,-2445
845,05/07/2024,101,3320
845,05/07/2024,102,-3320
846,10/08/2024,201,5010
846,10/08/2024,202,-5010
847,15/09/2024,301,2415
847,15/09/2024,302,-2415
848,20/10/2024,401,3270
848,20/10/2024,402,-3270
849,28/11/2024,501,2460
849,28/11/2024,502,-2460
850,05/12/2024,101,3340
850,05/12/2024,102,-3340
851,08/01/2024,201,5040
851,08/01/2024,202,-5040
852,14/02/2024,301,2430
852,14/02/2024,302,-2430
853,20/03/2024,401,3290
853,20/03/2024,402,-3290
854,25/04/2024,501,2475
854,25/04/2024,502,-2475
855,10/05/2024,101,3360
855,10/05/2024,102,-3360
856,15/06/2024,201,5070
856,15/06/2024,202,-5070
857,20/07/2024,301,2445
857,20/07/2024,302,-2445
858,25/08/2024,401,3310
858,25/08/2024,402,-3310
859,30/09/2024,501,2490
859,30/09/2024,502,-2490
860,15/10/2024,101,3380
860,15/10/2024,102,-3380
861,20/11/2024,201,5100
861,20/11/2024,202,-5100
862,25/12/2024,301,2460
862,25/12/2024,302,-2460
863,05/01/2024,401,3330
863,05/01/2024,402,-3330
864,10/02/2024,501,2505
864,10/02/2024,502,-2505
865,18/03/2024,101,3400
865,18/03/2024,102,-3400
866,22/04/2024,201,5130
866,22/04/2024,202,-5130
867,25/05/2024,301,2475
867,25/05/2024,302,-2475
868,30/06/2024,401,3350
868,30/06/2024,402,-3350
869,15/07/2024,501,2520
869,15/07/2024,502,-2520
870,20/08/2024,101,3420
870,20/08/2024,102,-3420
871,25/09/2024,201,5160
871,25/09/2024,202,-5160
872,01/10/2024,301,2490
872,01/10/2024,302,-2490
873,05/11/2024,401,3370
873,05/11/2024,402,-3370
874,10/12/2024,501,2535
874,10/12/2024,502,-2535
875,28/01/2024,101,3440
875,28/01/2024,102,-3440
876,25/02/2024,201,5190
876,25/02/2024,202,-5190
877,12/03/2024,301,2505
877,12/03/2024,302,-2505
878,10/04/2024,401,3390
878,10/04/2024,402,-3390
879,18/05/2024,501,2550
879,18/05/2024,502,-2550
880,22/06/2024,101,3460
880,22/06/2024,102,-3460
881,05/07/2024,201,5220
881,05/07/2024,202,-5220
882,10/08/2024,301,2520
882,10/08/2024,302,-2520
883,15/09/2024,401,3410
883,15/09/2024,402,-3410
884,20/10/2024,501,2565
884,20/10/2024,502,-2565
885,28/11/2024,101,3480
885,28/11/2024,102,-3480
886,05/12/2024,201,5250
886,05/12/2024,202,-5250
887,08/01/2024,301,2535
887,08/01/2024,302,-2535
888,14/02/2024,401,3430
888,14/02/2024,402,-3430
889,20/03/2024,501,2580
889,20/03/2024,502,-2580
890,25/04/2024,101,3500
890,25/04/2024,102,-3500
891,10/05/2024,201,5280
891,10/05/2024,202,-5280
892,15/06/2024,301,2550
892,15/06/2024,302,-2550
893,20/07/2024,401,3450
893,20/07/2024,402,-3450
894,25/08/2024,501,2595
894,25/08/2024,502,-2595
895,30/09/2024,101,3520
895,30/09/2024,102,-3520
896,15/10/2024,201,5310
896,15/10/2024,202,-5310
897,20/11/2024,301,2565
897,20/11/2024,302,-2565
898,25/12/2024,401,3470
898,25/12/2024,402,-3470
899,05/01/2024,501,2610
899,05/01/2024,502,-2610
900,10/02/2024,101,3540
900,10/02/2024,102,-3540
901,18/03/2024,201,5340
901,18/03/2024,202,-5340
902,22/04/2024,301,2580
902,22/04/2024,302,-2580
903,25/05/2024,401,3490
903,25/05/2024,402,-3490
904,30/06/2024,501,2625
904,30/06/2024,502,-2625
905,15/07/2024,101,3560
905,15/07/2024,102,-3560
906,20/08/2024,201,5370
906,20/08/2024,202,-5370
907,25/09/2024,301,2595
907,25/09/2024,302,-2595
908,01/10/2024,401,3510
908,01/10/2024,402,-3510
909,05/11/2024,501,2640
909,05/11/2024,502,-2640
910,10/12/2024,101,3580
910,10/12/2024,102,-3580
911,28/01/2024,201,5400
911,28/01/2024,202,-5400
912,25/02/2024,301,2610
912,25/02/2024,302,-2610
913,12/03/2024,401,3530
913,12/03/2024,402,-3530
914,10/04/2024,501,2655
914,10/04/2024,502,-2655
915,18/05/2024,101,3600
915,18/05/2024,102,-3600
916,22/06/2024,201,5430
916,22/06/2024,202,-5430
917,05/07/2024,301,2625
917,05/07/2024,302,-2625
918,10/08/2024,401,3550
918,10/08/2024,402,-3550
919,15/09/2024,501,2670
919,15/09/2024,502,-2670
920,20/10/2024,101,3620
920,20/10/2024,102,-3620
921,28/11/2024,201,5460
921,28/11/2024,202,-5460
